CO,MSRDT,MSRSTE_NM,NO2,O3,PM10,PM25,SO2
0.4,200901010000,강남구,0.023,0.015,48.0,14.0,0.006
0.4,200901010100,강남구,0.027,0.012,35.0,17.0,0.006
0.4,200901010200,강남구,0.024,0.014,33.0,13.0,0.006
0.4,200901010300,강남구,0.018,0.016,52.0,14.0,0.006
0.3,200901010400,강남구,0.017,0.015,26.0,17.0,0.006
0.3,200901010500,강남구,0.014,0.017,38.0,13.0,0.005
0.3,200901010600,강남구,0.014,0.016,38.0,20.0,0.005
0.3,200901010700,강남구,0.017,0.014,34.0,22.0,0.006
0.4,200901010800,강남구,0.018,0.014,52.0,28.0,0.005
0.4,200901010900,강남구,0.028,0.008,23.0,18.0,0.005
0.4,200901011000,강남구,0.026,0.011,27.0,13.0,0.006
0.5,200901011100,강남구,0.026,0.011,30.0,12.0,0.006
0.5,200901011200,강남구,0.024,0.013,33.0,21.0,0.007
0.5,200901011300,강남구,0.026,0.013,35.0,15.0,0.008
0.5,200901011400,강남구,0.021,0.017,52.0,17.0,0.006
0.4,200901011500,강남구,0.018,0.019,46.0,19.0,0.007
0.4,200901011600,강남구,0.023,0.017,52.0,18.0,0.007
0.4,200901011700,강남구,0.025,0.016,59.0,17.0,0.006
0.4,200901011800,강남구,0.031,0.012,41.0,15.0,0.006
0.4,200901011900,강남구,0.03,0.012,34.0,19.0,0.005
0.4,200901012000,강남구,0.03,0.01,47.0,24.0,0.006
0.4,200901012100,강남구,0.043,0.003,37.0,16.0,0.006
0.6,200901012200,강남구,0.049,0.001,53.0,25.0,0.006
0.6,200901012300,강남구,0.048,0.0,36.0,13.0,0.006
0.3,200901010000,강동구,0.024,0.011,39.0,13.0,0.007
0.3,200901010100,강동구,0.022,0.012,38.0,16.0,0.007
0.3,200901010200,강동구,0.02,0.012,38.0,13.0,0.007
0.3,200901010300,강동구,0.019,0.012,41.0,7.0,0.006
0.3,200901010400,강동구,0.022,0.009,47.0,15.0,0.006
0.3,200901010500,강동구,0.019,0.011,48.0,10.0,0.006
0.3,200901010600,강동구,0.019,0.011,41.0,16.0,0.006
0.3,200901010700,강동구,0.023,0.009,42.0,14.0,0.006
0.3,200901010800,강동구,0.022,0.008,34.0,11.0,0.006
0.3,200901010900,강동구,0.021,0.01,50.0,26.0,0.007
0.3,200901011000,강동구,0.018,0.012,45.0,11.0,0.006
0.3,200901011100,강동구,0.011,0.015,35.0,21.0,0.006
0.3,200901011200,강동구,0.01,0.016,55.0,14.0,0.007
0.3,200901011300,강동구,0.013,0.016,50.0,9.0,0.006
0.4,200901011400,강동구,0.024,0.013,58.0,19.0,0.007
0.4,200901011500,강동구,0.022,0.013,47.0,22.0,0.007
0.4,200901011600,강동구,0.026,0.012,43.0,16.0,0.007
0.3,200901011700,강동구,0.027,0.011,52.0,23.0,0.007
0.3,200901011800,강동구,0.033,0.008,50.0,13.0,0.006
0.4,200901011900,강동구,0.035,0.008,50.0,15.0,0.006
0.3,200901012000,강동구,0.035,0.007,39.0,15.0,0.007
0.4,200901012100,강동구,0.044,0.003,46.0,21.0,0.006
0.5,200901012200,강동구,0.05,0.001,50.0,26.0,0.007
0.6,200901012300,강동구,0.052,0.002,55.0,15.0,0.008
0.5,200901010000,강북구,0.028,0.021,46.0,12.0,0.008
0.5,200901010100,강북구,0.027,0.018,49.0,38.0,0.007
0.5,200901010200,강북구,0.025,0.02,35.0,26.0,0.006
0.5,200901010300,강북구,0.023,0.02,43.0,18.0,0.007
0.5,200901010400,강북구,0.022,0.021,42.0,24.0,0.006
0.5,200901010500,강북구,0.021,0.02,46.0,10.0,0.006
0.5,200901010600,강북구,0.022,0.02,34.0,27.0,0.007
0.5,200901010700,강북구,0.024,0.013,34.0,24.0,0.007
0.6,200901010800,강북구,0.029,0.007,48.0,13.0,0.008
0.6,200901010900,강북구,0.029,0.009,45.0,19.0,0.008
0.6,200901011000,강북구,0.029,0.009,42.0,14.0,0.008
0.5,200901011100,강북구,0.027,0.02,42.0,28.0,0.007
0.5,200901011200,강북구,0.025,0.02,31.0,33.0,0.007
0.5,200901011300,강북구,0.025,0.024,42.0,29.0,0.007
0.5,200901011400,강북구,0.025,0.026,50.0,25.0,0.006
0.5,200901011500,강북구,0.025,0.028,35.0,23.0,0.006
0.4,200901011600,강북구,0.023,0.03,40.0,34.0,0.006
0.5,200901011700,강북구,0.024,0.024,34.0,30.0,0.006
0.5,200901011800,강북구,0.027,0.023,0.0,25.0,0.006
0.6,200901011900,강북구,0.028,0.017,38.0,31.0,0.008
0.8,200901012000,강북구,0.033,0.007,49.0,37.0,0.008
0.8,200901012100,강북구,0.034,0.007,48.0,21.0,0.008
0.9,200901012200,강북구,0.037,0.004,38.0,36.0,0.009
0.8,200901012300,강북구,0.037,0.005,46.0,21.0,0.009
0.5,200901010000,강서구,0.026,0.013,43.0,18.0,0.006
0.5,200901010100,강서구,0.019,0.019,40.0,19.0,0.005
0.5,200901010200,강서구,0.018,0.018,41.0,18.0,0.005
0.5,200901010300,강서구,0.016,0.019,37.0,18.0,0.005
0.5,200901010400,강서구,0.013,0.021,39.0,18.0,0.005
0.5,200901010500,강서구,0.013,0.018,39.0,20.0,0.005
0.5,200901010600,강서구,0.013,0.019,38.0,20.0,0.006
0.5,200901010700,강서구,0.015,0.017,43.0,18.0,0.006
0.9,200901010800,강서구,0.029,0.005,46.0,24.0,0.007
0.9,200901010900,강서구,0.023,0.01,51.0,24.0,0.007
0.9,200901011000,강서구,0.024,0.012,48.0,23.0,0.008
0.8,200901011100,강서구,0.016,0.021,47.0,27.0,0.007
0.8,200901011200,강서구,0.013,0.023,40.0,23.0,0.007
0.7,200901011300,강서구,0.015,0.024,46.0,25.0,0.007
0.8,200901011400,강서구,0.013,0.027,45.0,21.0,0.006
0.7,200901011500,강서구,0.013,0.028,39.0,24.0,0.005
0.7,200901011600,강서구,0.012,0.03,42.0,23.0,0.005
0.7,200901011700,강서구,0.016,0.027,42.0,25.0,0.005
0.7,200901011800,강서구,0.023,0.019,38.0,24.0,0.005
0.8,200901011900,강서구,0.04,0.006,43.0,19.0,0.005
0.8,200901012000,강서구,0.042,0.004,39.0,23.0,0.006
0.8,200901012100,강서구,0.045,0.002,52.0,25.0,0.006
0.9,200901012200,강서구,0.045,0.002,49.0,29.0,0.005
0.8,200901012300,강서구,0.045,0.003,45.0,21.0,0.006
0.5,200901010000,관악구,0.024,0.0,70.0,19.0,0.007
0.4,200901010100,관악구,0.022,0.0,62.0,13.0,0.007
0.4,200901010200,관악구,0.019,0.012,61.0,11.0,0.008
0.4,200901010300,관악구,0.016,0.044,37.0,11.0,0.006
0.4,200901010400,관악구,0.019,0.029,44.0,10.0,0.006
0.4,200901010500,관악구,0.02,0.023,43.0,11.0,0.007
0.4,200901010600,관악구,0.018,0.023,32.0,14.0,0.008
0.5,200901010700,관악구,0.024,0.013,64.0,15.0,0.003
0.5,200901010800,관악구,0.029,0.008,37.0,19.0,0.004
0.5,200901010900,관악구,0.022,0.016,45.0,15.0,0.003
0.5,200901011000,관악구,0.02,0.022,51.0,14.0,0.006
0.4,200901011100,관악구,0.015,0.036,33.0,13.0,0.01
0.4,200901011200,관악구,0.014,0.0,36.0,15.0,0.007
0.4,200901011300,관악구,0.015,0.0,44.0,19.0,0.01
0.5,200901011400,관악구,0.016,0.0,41.0,16.0,0.011
0.4,200901011500,관악구,0.017,0.0,39.0,19.0,0.008
0.4,200901011600,관악구,0.017,0.013,42.0,16.0,0.007
0.4,200901011700,관악구,0.018,0.017,50.0,17.0,0.005
0.5,200901011800,관악구,0.023,0.013,44.0,13.0,0.007
0.6,200901011900,관악구,0.032,0.0,40.0,20.0,0.011
0.6,200901012000,관악구,0.038,0.0,51.0,13.0,0.006
0.6,200901012100,관악구,0.038,0.0,37.0,17.0,0.003
0.6,200901012200,관악구,0.034,0.0,36.0,12.0,0.003
0.6,200901012300,관악구,0.037,0.001,41.0,16.0,0.006
0.6,200901010000,광진구,0.023,0.017,41.0,22.0,0.005
0.5,200901010100,광진구,0.015,0.023,41.0,19.0,0.004
0.4,200901010200,광진구,0.015,0.022,41.0,17.0,0.004
0.4,200901010300,광진구,0.014,0.023,40.0,18.0,0.004
0.4,200901010400,광진구,0.015,0.021,40.0,21.0,0.003
0.4,200901010500,광진구,0.011,0.025,38.0,13.0,0.003
0.5,200901010600,광진구,0.019,0.018,41.0,21.0,0.003
0.5,200901010700,광진구,0.024,0.012,39.0,19.0,0.003
0.6,200901010800,광진구,0.029,0.008,44.0,19.0,0.003
0.5,200901010900,광진구,0.021,0.013,41.0,19.0,0.004
0.5,200901011000,광진구,0.012,0.022,40.0,21.0,0.005
0.5,200901011100,광진구,0.01,0.026,39.0,16.0,0.005
0.5,200901011200,광진구,0.012,0.026,37.0,19.0,0.005
0.6,200901011300,광진구,0.018,0.023,37.0,23.0,0.005
0.6,200901011400,광진구,0.019,0.022,43.0,27.0,0.005
0.5,200901011500,광진구,0.018,0.024,44.0,26.0,0.004
0.5,200901011600,광진구,0.019,0.023,42.0,27.0,0.004
0.5,200901011700,광진구,0.022,0.021,41.0,35.0,0.004
0.5,200901011800,광진구,0.022,0.02,39.0,28.0,0.003
0.5,200901011900,광진구,0.025,0.019,41.0,24.0,0.003
0.6,200901012000,광진구,0.033,0.011,39.0,24.0,0.004
0.8,200901012100,광진구,0.032,0.011,0.0,20.0,0.004
0.6,200901012200,광진구,0.034,0.009,49.0,28.0,0.004
0.5,200901012300,광진구,0.032,0.008,44.0,23.0,0.003
0.5,200901010000,구로구,0.026,0.015,36.0,10.0,0.005
0.5,200901010100,구로구,0.022,0.016,36.0,16.0,0.005
0.4,200901010200,구로구,0.015,0.022,34.0,14.0,0.004
0.5,200901010300,구로구,0.018,0.019,33.0,16.0,0.004
0.4,200901010400,구로구,0.018,0.018,34.0,12.0,0.004
0.5,200901010500,구로구,0.019,0.017,32.0,15.0,0.005
0.5,200901010600,구로구,0.018,0.016,41.0,17.0,0.005
0.5,200901010700,구로구,0.023,0.012,37.0,19.0,0.005
0.5,200901010800,구로구,0.022,0.012,43.0,17.0,0.005
0.6,200901010900,구로구,0.023,0.012,42.0,23.0,0.005
0.6,200901011000,구로구,0.019,0.016,46.0,18.0,0.006
0.5,200901011100,구로구,0.012,0.022,41.0,6.0,0.006
0.5,200901011200,구로구,0.011,0.025,37.0,23.0,0.006
0.5,200901011300,구로구,0.014,0.025,44.0,19.0,0.006
0.5,200901011400,구로구,0.015,0.025,44.0,26.0,0.006
0.5,200901011500,구로구,0.015,0.027,42.0,31.0,0.005
0.5,200901011600,구로구,0.015,0.028,49.0,34.0,0.005
0.5,200901011700,구로구,0.019,0.025,49.0,43.0,0.005
0.5,200901011800,구로구,0.024,0.02,45.0,29.0,0.005
0.6,200901011900,구로구,0.036,0.01,41.0,17.0,0.004
0.6,200901012000,구로구,0.038,0.007,36.0,28.0,0.004
0.6,200901012100,구로구,0.037,0.007,42.0,16.0,0.004
0.6,200901012200,구로구,0.038,0.006,39.0,20.0,0.004
0.5,200901012300,구로구,0.035,0.008,41.0,19.0,0.004
0.7,200901010000,구로구2,0.019,0.013,39.0,0.0,0.006
0.6,200901010000,금천구,0.027,0.015,26.0,13.0,0.006
0.5,200901010100,금천구,0.022,0.019,51.0,8.0,0.005
0.5,200901010200,금천구,0.017,0.023,41.0,10.0,0.004
0.4,200901010300,금천구,0.018,0.021,25.0,7.0,0.004
0.4,200901010400,금천구,0.016,0.021,32.0,15.0,0.005
0.5,200901010500,금천구,0.017,0.018,41.0,4.0,0.004
0.5,200901010600,금천구,0.017,0.018,35.0,16.0,0.005
0.6,200901010700,금천구,0.023,0.012,27.0,11.0,0.005
0.6,200901010800,금천구,0.027,0.008,53.0,7.0,0.005
0.6,200901010900,금천구,0.026,0.009,43.0,16.0,0.005
0.6,200901011000,금천구,0.02,0.016,29.0,17.0,0.007
0.6,200901011100,금천구,0.015,0.022,48.0,15.0,0.006
0.6,200901011200,금천구,0.014,0.025,25.0,23.0,0.006
0.6,200901011300,금천구,0.016,0.025,38.0,32.0,0.006
0.7,200901011400,금천구,0.019,0.024,46.0,24.0,0.007
0.6,200901011500,금천구,0.019,0.026,35.0,33.0,0.006
0.5,200901011600,금천구,0.018,0.028,38.0,27.0,0.006
0.5,200901011700,금천구,0.02,0.027,51.0,28.0,0.006
0.5,200901011800,금천구,0.026,0.021,57.0,18.0,0.005
0.6,200901011900,금천구,0.03,0.017,27.0,10.0,0.005
0.7,200901012000,금천구,0.039,0.009,37.0,8.0,0.005
0.9,200901012100,금천구,0.045,0.004,47.0,7.0,0.007
0.7,200901012200,금천구,0.038,0.007,34.0,11.0,0.005
0.7,200901012300,금천구,0.039,0.006,34.0,14.0,0.004
0.4,200901010000,노원구,0.02,0.022,45.0,22.0,0.007
0.4,200901010100,노원구,0.015,0.026,50.0,17.0,0.007
0.4,200901010200,노원구,0.019,0.022,40.0,15.0,0.006
0.5,200901010300,노원구,0.017,0.023,43.0,11.0,0.006
0.4,200901010400,노원구,0.014,0.025,51.0,26.0,0.006
0.4,200901010500,노원구,0.012,0.025,47.0,21.0,0.006
0.4,200901010600,노원구,0.013,0.025,53.0,17.0,0.006
0.4,200901010700,노원구,0.013,0.024,49.0,12.0,0.006
0.4,200901010800,노원구,0.012,0.025,50.0,14.0,0.006
0.5,200901010900,노원구,0.013,0.023,63.0,12.0,0.006
0.5,200901011000,노원구,0.012,0.025,53.0,10.0,0.007
0.5,200901011100,노원구,0.012,0.027,59.0,15.0,0.006
0.5,200901011200,노원구,0.014,0.026,0.0,18.0,0.008
0.4,200901011300,노원구,0.012,0.03,56.0,15.0,0.007
0.4,200901011400,노원구,0.011,0.032,56.0,14.0,0.006
0.4,200901011500,노원구,0.011,0.033,47.0,16.0,0.006
0.4,200901011600,노원구,0.012,0.032,47.0,19.0,0.005
0.4,200901011700,노원구,0.019,0.027,53.0,19.0,0.005
0.5,200901011800,노원구,0.026,0.023,41.0,18.0,0.006
0.7,200901011900,노원구,0.033,0.015,55.0,18.0,0.007
0.7,200901012000,노원구,0.041,0.009,51.0,28.0,0.008
1.3,200901012100,노원구,0.056,0.003,0.0,26.0,0.013
0.9,200901012200,노원구,0.051,0.003,57.0,18.0,0.011
1.0,200901012300,노원구,0.052,0.003,58.0,17.0,0.011
0.4,200901010000,도봉구,0.02,0.023,45.0,16.0,0.006
0.4,200901010100,도봉구,0.016,0.024,43.0,20.0,0.006
0.4,200901010200,도봉구,0.016,0.024,42.0,19.0,0.005
0.4,200901010300,도봉구,0.018,0.022,43.0,18.0,0.005
0.4,200901010400,도봉구,0.017,0.022,44.0,18.0,0.005
0.5,200901010500,도봉구,0.027,0.014,43.0,21.0,0.006
0.6,200901010600,도봉구,0.031,0.01,44.0,22.0,0.007
0.6,200901010700,도봉구,0.033,0.008,44.0,19.0,0.006
0.6,200901010800,도봉구,0.036,0.006,47.0,19.0,0.007
0.6,200901010900,도봉구,0.033,0.008,44.0,22.0,0.007
0.6,200901011000,도봉구,0.025,0.014,36.0,15.0,0.008
0.5,200901011100,도봉구,0.017,0.021,45.0,19.0,0.007
0.5,200901011200,도봉구,0.016,0.023,43.0,23.0,0.007
0.5,200901011300,도봉구,0.016,0.025,48.0,24.0,0.007
0.5,200901011400,도봉구,0.015,0.027,46.0,23.0,0.006
0.4,200901011500,도봉구,0.015,0.028,44.0,22.0,0.005
0.4,200901011600,도봉구,0.015,0.028,45.0,17.0,0.005
0.4,200901011700,도봉구,0.017,0.028,46.0,28.0,0.004
0.5,200901011800,도봉구,0.021,0.026,47.0,24.0,0.005
0.5,200901011900,도봉구,0.021,0.026,46.0,25.0,0.004
0.8,200901012000,도봉구,0.042,0.013,54.0,30.0,0.006
1.3,200901012100,도봉구,0.059,0.004,53.0,31.0,0.009
1.2,200901012200,도봉구,0.058,0.002,66.0,41.0,0.011
1.4,200901012300,도봉구,0.06,0.002,62.0,42.0,0.011
0.4,200901010000,동대문구,0.021,0.022,32.0,24.0,0.006
0.4,200901010100,동대문구,0.016,0.026,35.0,18.0,0.008
0.4,200901010200,동대문구,0.015,0.025,26.0,27.0,0.004
0.4,200901010300,동대문구,0.014,0.024,23.0,15.0,0.003
0.4,200901010400,동대문구,0.015,0.023,35.0,16.0,0.01
0.4,200901010500,동대문구,0.013,0.024,21.0,15.0,0.009
0.4,200901010600,동대문구,0.018,0.019,26.0,11.0,0.004
0.5,200901010700,동대문구,0.023,0.013,32.0,22.0,0.004
0.5,200901010800,동대문구,0.027,0.012,30.0,15.0,0.004
0.6,200901010900,동대문구,0.031,0.009,15.0,22.0,0.008
0.6,200901011000,동대문구,0.026,0.014,20.0,15.0,0.008
0.5,200901011100,동대문구,0.02,0.02,21.0,13.0,0.009
0.6,200901011200,동대문구,0.019,0.021,25.0,25.0,0.008
0.7,200901011300,동대문구,0.021,0.021,27.0,27.0,0.012
0.5,200901011400,동대문구,0.013,0.029,31.0,31.0,0.006
0.5,200901011500,동대문구,0.016,0.028,28.0,21.0,0.008
0.6,200901011600,동대문구,0.017,0.028,32.0,19.0,0.005
0.6,200901011700,동대문구,0.02,0.026,43.0,21.0,0.005
0.7,200901011800,동대문구,0.022,0.025,44.0,14.0,0.004
0.7,200901011900,동대문구,0.027,0.019,29.0,22.0,0.012
0.8,200901012000,동대문구,0.035,0.012,38.0,23.0,0.006
0.7,200901012100,동대문구,0.038,0.009,35.0,28.0,0.007
0.8,200901012200,동대문구,0.04,0.007,30.0,19.0,0.005
0.7,200901012300,동대문구,0.039,0.007,31.0,23.0,0.005
0.4,200901010000,동작구,0.027,0.015,51.0,14.0,0.006
0.3,200901010100,동작구,0.021,0.019,46.0,36.0,0.005
0.3,200901010200,동작구,0.02,0.019,42.0,23.0,0.004
0.3,200901010300,동작구,0.02,0.019,44.0,33.0,0.005
0.3,200901010400,동작구,0.016,0.02,39.0,26.0,0.005
0.5,200901010500,동작구,0.019,0.016,48.0,5.0,0.005
0.5,200901010600,동작구,0.022,0.014,46.0,34.0,0.005
0.4,200901010700,동작구,0.026,0.011,54.0,20.0,0.006
0.4,200901010800,동작구,0.027,0.01,52.0,16.0,0.005
0.4,200901010900,동작구,0.021,0.015,56.0,32.0,0.006
0.4,200901011000,동작구,0.018,0.018,52.0,40.0,0.006
0.4,200901011100,동작구,0.017,0.021,0.0,28.0,0.007
0.4,200901011200,동작구,0.017,0.022,51.0,31.0,0.007
0.4,200901011300,동작구,0.017,0.023,55.0,25.0,0.007
0.4,200901011400,동작구,0.017,0.025,52.0,19.0,0.006
0.4,200901011500,동작구,0.018,0.025,50.0,20.0,0.006
0.4,200901011600,동작구,0.02,0.024,50.0,26.0,0.005
0.3,200901011700,동작구,0.02,0.025,65.0,34.0,0.005
0.4,200901011800,동작구,0.023,0.021,0.0,14.0,0.005
0.4,200901011900,동작구,0.027,0.019,50.0,18.0,0.004
0.4,200901012000,동작구,0.04,0.008,62.0,30.0,0.005
0.5,200901012100,동작구,0.038,0.007,73.0,37.0,0.005
0.6,200901012200,동작구,0.044,0.004,49.0,23.0,0.005
0.5,200901012300,동작구,0.041,0.005,45.0,28.0,0.004
0.4,200901010000,마포구,0.024,0.013,46.0,13.0,0.01
0.4,200901010100,마포구,0.026,0.011,40.0,14.0,0.006
0.4,200901010200,마포구,0.021,0.013,32.0,16.0,0.003
0.3,200901010300,마포구,0.016,0.018,35.0,16.0,0.007
0.3,200901010400,마포구,0.014,0.019,48.0,17.0,0.0
0.3,200901010500,마포구,0.013,0.018,47.0,10.0,0.003
0.4,200901010600,마포구,0.018,0.014,46.0,15.0,0.009
0.4,200901010700,마포구,0.018,0.014,46.0,17.0,0.007
0.4,200901010800,마포구,0.021,0.011,33.0,21.0,0.004
0.5,200901010900,마포구,0.021,0.011,32.0,14.0,0.006
0.4,200901011000,마포구,0.017,0.016,45.0,15.0,0.004
0.4,200901011100,마포구,0.012,0.021,42.0,10.0,0.007
0.4,200901011200,마포구,0.014,0.02,40.0,9.0,0.007
0.4,200901011300,마포구,0.012,0.023,48.0,19.0,0.006
0.4,200901011400,마포구,0.011,0.025,50.0,12.0,0.005
0.4,200901011500,마포구,0.014,0.024,52.0,17.0,0.009
0.4,200901011600,마포구,0.015,0.023,48.0,17.0,0.007
0.4,200901011700,마포구,0.02,0.021,55.0,15.0,0.007
0.4,200901011800,마포구,0.024,0.018,46.0,20.0,0.005
0.4,200901011900,마포구,0.028,0.012,42.0,19.0,0.009
0.5,200901012000,마포구,0.038,0.004,53.0,15.0,0.0
0.5,200901012100,마포구,0.036,0.004,49.0,18.0,0.006
0.6,200901012200,마포구,0.04,0.002,44.0,14.0,0.005
0.6,200901012300,마포구,0.04,0.002,40.0,15.0,0.01
0.4,200901010000,서대문구,0.021,0.013,40.0,3.0,0.005
0.3,200901010100,서대문구,0.022,0.013,22.0,13.0,0.005
0.3,200901010200,서대문구,0.013,0.019,27.0,8.0,0.004
0.3,200901010300,서대문구,0.012,0.019,32.0,10.0,0.004
0.3,200901010400,서대문구,0.011,0.019,28.0,20.0,0.005
0.4,200901010500,서대문구,0.012,0.017,35.0,18.0,0.004
0.4,200901010600,서대문구,0.015,0.014,35.0,12.0,0.005
0.3,200901010700,서대문구,0.015,0.014,42.0,7.0,0.005
0.4,200901010800,서대문구,0.016,0.013,28.0,16.0,0.005
0.4,200901010900,서대문구,0.016,0.013,33.0,18.0,0.005
0.3,200901011000,서대문구,0.012,0.017,26.0,27.0,0.005
0.4,200901011100,서대문구,0.011,0.023,38.0,21.0,0.005
0.4,200901011200,서대문구,0.012,0.019,57.0,31.0,0.005
0.3,200901011300,서대문구,0.011,0.021,30.0,28.0,0.004
0.3,200901011400,서대문구,0.013,0.02,28.0,17.0,0.005
0.3,200901011500,서대문구,0.015,0.02,24.0,18.0,0.005
0.3,200901011600,서대문구,0.016,0.02,25.0,13.0,0.004
0.3,200901011700,서대문구,0.019,0.02,23.0,28.0,0.005
0.3,200901011800,서대문구,0.028,0.011,37.0,32.0,0.004
0.4,200901011900,서대문구,0.032,0.008,39.0,18.0,0.005
0.6,200901012000,서대문구,0.046,0.002,56.0,10.0,0.005
0.7,200901012100,서대문구,0.0,0.001,59.0,9.0,0.005
0.6,200901012200,서대문구,0.0,0.001,48.0,27.0,0.005
0.6,200901012300,서대문구,0.0,0.001,61.0,29.0,0.005
0.5,200901010000,서초구,0.025,0.013,46.0,18.0,0.006
0.4,200901010100,서초구,0.022,0.014,44.0,23.0,0.005
0.4,200901010200,서초구,0.017,0.018,41.0,16.0,0.004
0.4,200901010300,서초구,0.017,0.017,40.0,20.0,0.005
0.4,200901010400,서초구,0.016,0.017,42.0,22.0,0.005
0.4,200901010500,서초구,0.016,0.016,44.0,20.0,0.005
0.4,200901010600,서초구,0.018,0.014,38.0,19.0,0.005
0.4,200901010700,서초구,0.02,0.013,46.0,23.0,0.005
0.5,200901010800,서초구,0.025,0.009,47.0,21.0,0.005
0.5,200901010900,서초구,0.022,0.011,40.0,23.0,0.005
0.5,200901011000,서초구,0.019,0.014,47.0,24.0,0.006
0.5,200901011100,서초구,0.015,0.018,36.0,16.0,0.006
0.5,200901011200,서초구,0.017,0.018,41.0,24.0,0.006
0.6,200901011300,서초구,0.017,0.019,48.0,26.0,0.007
0.5,200901011400,서초구,0.014,0.022,48.0,27.0,0.006
0.5,200901011500,서초구,0.017,0.022,48.0,27.0,0.005
0.5,200901011600,서초구,0.02,0.02,48.0,26.0,0.005
0.5,200901011700,서초구,0.022,0.019,53.0,32.0,0.005
0.5,200901011800,서초구,0.025,0.017,47.0,26.0,0.004
0.5,200901011900,서초구,0.031,0.011,39.0,16.0,0.004
0.5,200901012000,서초구,0.035,0.008,46.0,19.0,0.005
0.5,200901012100,서초구,0.035,0.006,40.0,29.0,0.004
0.5,200901012200,서초구,0.034,0.006,45.0,26.0,0.004
0.5,200901012300,서초구,0.037,0.004,48.0,23.0,0.004
0.3,200901010000,성동구,0.017,0.021,40.0,17.0,0.005
0.3,200901010100,성동구,0.015,0.021,48.0,22.0,0.005
0.3,200901010200,성동구,0.015,0.02,44.0,20.0,0.005
0.3,200901010300,성동구,0.009,0.023,38.0,17.0,0.004
0.3,200901010400,성동구,0.013,0.021,44.0,22.0,0.004
0.3,200901010500,성동구,0.012,0.02,41.0,18.0,0.004
0.3,200901010600,성동구,0.014,0.019,41.0,21.0,0.004
0.3,200901010700,성동구,0.023,0.009,41.0,16.0,0.004
0.3,200901010800,성동구,0.022,0.012,39.0,18.0,0.004
0.4,200901010900,성동구,0.023,0.011,42.0,22.0,0.004
0.4,200901011000,성동구,0.018,0.017,36.0,15.0,0.006
0.4,200901011100,성동구,0.013,0.022,37.0,18.0,0.006
0.4,200901011200,성동구,0.015,0.022,39.0,23.0,0.006
0.4,200901011300,성동구,0.018,0.021,42.0,20.0,0.005
0.4,200901011400,성동구,0.015,0.025,46.0,23.0,0.005
0.3,200901011500,성동구,0.013,0.027,43.0,23.0,0.004
0.3,200901011600,성동구,0.015,0.025,44.0,22.0,0.004
0.3,200901011700,성동구,0.02,0.021,48.0,29.0,0.004
0.4,200901011800,성동구,0.024,0.018,43.0,23.0,0.004
0.3,200901011900,성동구,0.024,0.017,48.0,28.0,0.004
0.3,200901012000,성동구,0.022,0.018,50.0,20.0,0.004
0.4,200901012100,성동구,0.034,0.007,46.0,30.0,0.004
0.4,200901012200,성동구,0.032,0.008,50.0,25.0,0.003
0.4,200901012300,성동구,0.034,0.005,41.0,24.0,0.003
0.5,200901010000,성북구,0.021,0.019,39.0,19.0,0.005
0.5,200901010100,성북구,0.018,0.019,42.0,16.0,0.005
0.5,200901010200,성북구,0.016,0.021,39.0,22.0,0.004
0.5,200901010300,성북구,0.014,0.021,36.0,18.0,0.004
0.5,200901010400,성북구,0.015,0.02,39.0,17.0,0.004
0.5,200901010500,성북구,0.017,0.018,39.0,18.0,0.004
0.5,200901010600,성북구,0.018,0.017,37.0,19.0,0.004
0.6,200901010700,성북구,0.026,0.014,38.0,16.0,0.004
0.6,200901010800,성북구,0.029,0.01,34.0,18.0,0.005
0.6,200901010900,성북구,0.027,0.01,36.0,19.0,0.005
0.6,200901011000,성북구,0.023,0.013,37.0,17.0,0.006
0.6,200901011100,성북구,0.019,0.016,37.0,19.0,0.006
0.6,200901011200,성북구,0.017,0.019,41.0,18.0,0.006
0.6,200901011300,성북구,0.02,0.02,44.0,24.0,0.006
0.6,200901011400,성북구,0.02,0.02,43.0,24.0,0.006
0.6,200901011500,성북구,0.017,0.022,43.0,23.0,0.006
0.5,200901011600,성북구,0.015,0.025,40.0,20.0,0.005
0.6,200901011700,성북구,0.021,0.022,41.0,24.0,0.005
0.6,200901011800,성북구,0.026,0.018,40.0,26.0,0.005
0.6,200901011900,성북구,0.028,0.017,35.0,17.0,0.004
0.9,200901012000,성북구,0.045,0.005,36.0,21.0,0.005
0.8,200901012100,성북구,0.045,0.003,45.0,29.0,0.006
0.7,200901012200,성북구,0.044,0.004,41.0,24.0,0.006
0.7,200901012300,성북구,0.045,0.003,45.0,29.0,0.006
0.4,200901010000,송파구,0.022,0.018,43.0,15.0,0.005
0.3,200901010100,송파구,0.015,0.024,40.0,19.0,0.005
0.3,200901010200,송파구,0.013,0.025,37.0,18.0,0.005
0.3,200901010300,송파구,0.013,0.024,41.0,15.0,0.005
0.3,200901010400,송파구,0.014,0.022,36.0,20.0,0.005
0.3,200901010500,송파구,0.014,0.022,40.0,15.0,0.004
0.3,200901010600,송파구,0.016,0.019,41.0,15.0,0.004
0.4,200901010700,송파구,0.023,0.014,40.0,20.0,0.004
0.6,200901010800,송파구,0.028,0.008,39.0,20.0,0.005
0.4,200901010900,송파구,0.021,0.014,43.0,19.0,0.005
0.4,200901011000,송파구,0.014,0.022,41.0,18.0,0.007
0.4,200901011100,송파구,0.013,0.024,44.0,27.0,0.007
0.3,200901011200,송파구,0.012,0.026,45.0,23.0,0.007
0.3,200901011300,송파구,0.016,0.026,42.0,22.0,0.007
0.4,200901011400,송파구,0.021,0.022,48.0,24.0,0.008
0.3,200901011500,송파구,0.018,0.025,43.0,26.0,0.007
0.3,200901011600,송파구,0.021,0.023,40.0,30.0,0.006
0.3,200901011700,송파구,0.025,0.02,43.0,19.0,0.006
0.3,200901011800,송파구,0.025,0.02,38.0,19.0,0.005
0.4,200901011900,송파구,0.027,0.017,38.0,18.0,0.005
0.4,200901012000,송파구,0.03,0.013,32.0,20.0,0.004
0.4,200901012100,송파구,0.033,0.011,38.0,30.0,0.004
0.4,200901012200,송파구,0.036,0.006,45.0,29.0,0.004
0.5,200901012300,송파구,0.04,0.003,44.0,21.0,0.004
0.4,200901010000,송파구2,0.025,0.016,0.0,0.0,0.008
0.4,200901010100,송파구2,0.025,0.016,48.0,0.0,0.007
0.4,200901010200,송파구2,0.026,0.015,44.0,0.0,0.009
0.3,200901010300,송파구2,0.023,0.018,39.0,0.0,0.008
0.3,200901010400,송파구2,0.025,0.017,44.0,0.0,0.007
0.3,200901010500,송파구2,0.025,0.017,42.0,0.0,0.008
0.4,200901010600,송파구2,0.029,0.015,41.0,0.0,0.004
0.3,200901010700,송파구2,0.032,0.013,31.0,0.0,0.009
0.4,200901010800,송파구2,0.036,0.008,29.0,0.0,0.007
0.4,200901010900,송파구2,0.035,0.01,23.0,0.0,0.004
0.4,200901011000,송파구2,0.031,0.014,26.0,0.0,0.007
0.4,200901011100,송파구2,0.026,0.019,35.0,0.0,0.006
0.4,200901011200,송파구2,0.026,0.02,31.0,0.0,0.006
0.5,200901011300,송파구2,0.029,0.019,34.0,0.0,0.006
0.4,200901011400,송파구2,0.028,0.02,46.0,0.0,0.005
0.4,200901011500,송파구2,0.027,0.022,38.0,0.0,0.004
0.4,200901011600,송파구2,0.03,0.019,37.0,0.0,0.01
0.4,200901011700,송파구2,0.025,0.017,45.0,0.0,0.005
0.4,200901011800,송파구2,0.032,0.012,57.0,0.0,0.008
0.4,200901011900,송파구2,0.031,0.011,40.0,0.0,0.005
0.4,200901012000,송파구2,0.027,0.016,30.0,0.0,0.009
0.4,200901012100,송파구2,0.036,0.006,46.0,0.0,0.008
0.4,200901012200,송파구2,0.037,0.005,40.0,0.0,0.005
0.5,200901012300,송파구2,0.038,0.004,32.0,0.0,0.007
0.5,200901010000,양천구,0.031,0.012,24.0,9.0,0.005
0.4,200901010100,양천구,0.025,0.015,45.0,17.0,0.005
0.4,200901010200,양천구,0.024,0.015,31.0,16.0,0.004
0.4,200901010300,양천구,0.023,0.015,35.0,19.0,0.004
0.4,200901010400,양천구,0.017,0.019,24.0,11.0,0.004
0.4,200901010500,양천구,0.017,0.018,40.0,9.0,0.004
0.4,200901010600,양천구,0.018,0.017,35.0,22.0,0.004
0.4,200901010700,양천구,0.019,0.015,41.0,11.0,0.005
0.5,200901010800,양천구,0.025,0.01,38.0,21.0,0.005
0.5,200901010900,양천구,0.025,0.01,56.0,25.0,0.005
0.5,200901011000,양천구,0.02,0.015,51.0,22.0,0.007
0.4,200901011100,양천구,0.014,0.021,32.0,28.0,0.006
0.5,200901011200,양천구,0.015,0.023,49.0,33.0,0.006
0.5,200901011300,양천구,0.014,0.024,40.0,26.0,0.005
0.5,200901011400,양천구,0.016,0.026,0.0,24.0,0.006
0.4,200901011500,양천구,0.014,0.027,47.0,22.0,0.005
0.4,200901011600,양천구,0.015,0.028,36.0,21.0,0.005
0.5,200901011700,양천구,0.022,0.022,36.0,16.0,0.005
0.4,200901011800,양천구,0.026,0.019,31.0,15.0,0.004
0.7,200901011900,양천구,0.043,0.006,32.0,13.0,0.005
0.7,200901012000,양천구,0.043,0.005,47.0,13.0,0.005
0.6,200901012100,양천구,0.043,0.004,24.0,18.0,0.005
0.6,200901012200,양천구,0.042,0.005,31.0,15.0,0.004
0.7,200901012300,양천구,0.041,0.005,38.0,20.0,0.004
0.7,200901010000,영등포구,0.024,0.009,24.0,18.0,0.004
0.6,200901010100,영등포구,0.02,0.014,22.0,9.0,0.007
0.6,200901010200,영등포구,0.019,0.014,53.0,11.0,0.005
0.6,200901010300,영등포구,0.016,0.015,43.0,15.0,0.004
0.6,200901010400,영등포구,0.016,0.013,32.0,14.0,0.005
0.5,200901010500,영등포구,0.015,0.014,20.0,15.0,0.005
0.6,200901010600,영등포구,0.019,0.009,30.0,13.0,0.002
0.6,200901010700,영등포구,0.021,0.007,36.0,27.0,0.004
0.6,200901010800,영등포구,0.021,0.007,50.0,19.0,0.003
0.7,200901010900,영등포구,0.023,0.007,37.0,33.0,0.003
0.7,200901011000,영등포구,0.021,0.011,24.0,14.0,0.004
0.6,200901011100,영등포구,0.017,0.018,23.0,13.0,0.007
0.6,200901011200,영등포구,0.017,0.018,26.0,11.0,0.009
0.6,200901011300,영등포구,0.017,0.019,37.0,18.0,0.006
0.6,200901011400,영등포구,0.018,0.02,27.0,17.0,0.009
0.6,200901011500,영등포구,0.021,0.018,31.0,16.0,0.004
0.6,200901011600,영등포구,0.019,0.022,19.0,26.0,0.002
0.6,200901011700,영등포구,0.016,0.022,39.0,15.0,0.006
0.6,200901011800,영등포구,0.021,0.016,26.0,12.0,0.006
0.6,200901011900,영등포구,0.026,0.009,24.0,20.0,0.003
0.7,200901012000,영등포구,0.031,0.006,45.0,23.0,0.002
0.8,200901012100,영등포구,0.031,0.003,39.0,13.0,0.004
0.8,200901012200,영등포구,0.029,0.004,27.0,13.0,0.003
0.9,200901012300,영등포구,0.032,0.001,35.0,25.0,0.004
0.6,200901010000,용산구,0.035,0.008,49.0,15.0,0.006
0.5,200901010100,용산구,0.024,0.011,43.0,20.0,0.004
0.5,200901010200,용산구,0.02,0.011,46.0,19.0,0.004
0.5,200901010300,용산구,0.018,0.012,38.0,17.0,0.004
0.5,200901010400,용산구,0.018,0.012,47.0,16.0,0.005
0.5,200901010500,용산구,0.018,0.012,41.0,19.0,0.004
0.5,200901010600,용산구,0.023,0.009,41.0,17.0,0.004
0.6,200901010700,용산구,0.031,0.006,48.0,17.0,0.005
0.6,200901010800,용산구,0.033,0.006,42.0,17.0,0.004
0.6,200901010900,용산구,0.036,0.006,47.0,21.0,0.005
0.6,200901011000,용산구,0.024,0.01,34.0,11.0,0.006
0.6,200901011100,용산구,0.023,0.011,42.0,23.0,0.006
0.6,200901011200,용산구,0.023,0.012,46.0,27.0,0.006
0.6,200901011300,용산구,0.02,0.013,51.0,25.0,0.007
0.6,200901011400,용산구,0.02,0.014,51.0,27.0,0.005
0.6,200901011500,용산구,0.019,0.015,47.0,26.0,0.006
0.6,200901011600,용산구,0.024,0.014,52.0,28.0,0.005
0.5,200901011700,용산구,0.029,0.013,49.0,30.0,0.005
0.5,200901011800,용산구,0.029,0.012,44.0,23.0,0.005
0.6,200901011900,용산구,0.037,0.008,46.0,20.0,0.004
0.6,200901012000,용산구,0.042,0.006,46.0,19.0,0.005
0.6,200901012100,용산구,0.04,0.006,53.0,22.0,0.004
0.7,200901012200,용산구,0.047,0.004,49.0,24.0,0.004
0.7,200901012300,용산구,0.046,0.003,47.0,20.0,0.005
0.2,200901010000,은평구,0.017,0.017,47.0,19.0,0.008
0.3,200901010100,은평구,0.018,0.017,43.0,16.0,0.007
0.3,200901010200,은평구,0.02,0.016,48.0,20.0,0.008
0.2,200901010300,은평구,0.015,0.013,45.0,14.0,0.007
0.2,200901010400,은평구,0.012,0.016,45.0,18.0,0.006
0.2,200901010500,은평구,0.011,0.019,41.0,12.0,0.005
0.2,200901010600,은평구,0.013,0.018,39.0,18.0,0.006
0.2,200901010700,은평구,0.016,0.016,41.0,16.0,0.006
0.3,200901010800,은평구,0.021,0.011,43.0,17.0,0.006
0.3,200901010900,은평구,0.018,0.008,41.0,16.0,0.006
0.3,200901011000,은평구,0.018,0.013,40.0,19.0,0.006
0.3,200901011100,은평구,0.012,0.017,37.0,21.0,0.007
0.2,200901011200,은평구,0.011,0.023,32.0,18.0,0.007
0.2,200901011300,은평구,0.011,0.024,38.0,24.0,0.007
0.2,200901011400,은평구,0.01,0.025,44.0,27.0,0.006
0.2,200901011500,은평구,0.011,0.028,44.0,26.0,0.005
0.2,200901011600,은평구,0.013,0.028,45.0,24.0,0.005
0.2,200901011700,은평구,0.015,0.026,0.0,33.0,0.005
0.2,200901011800,은평구,0.017,0.025,36.0,23.0,0.005
0.4,200901011900,은평구,0.026,0.021,53.0,22.0,0.006
0.4,200901012000,은평구,0.032,0.011,49.0,20.0,0.006
0.4,200901012100,은평구,0.031,0.006,58.0,28.0,0.006
0.4,200901012200,은평구,0.029,0.003,51.0,23.0,0.006
0.4,200901012300,은평구,0.029,0.004,49.0,26.0,0.005
0.4,200901010000,종로구,0.015,0.024,33.0,10.0,0.007
0.5,200901010100,종로구,0.016,0.022,38.0,8.0,0.006
0.5,200901010200,종로구,0.015,0.021,44.0,10.0,0.005
0.4,200901010300,종로구,0.013,0.023,29.0,24.0,0.005
0.4,200901010400,종로구,0.012,0.023,31.0,17.0,0.005
0.4,200901010500,종로구,0.018,0.015,34.0,15.0,0.005
0.4,200901010600,종로구,0.02,0.015,38.0,8.0,0.005
0.4,200901010700,종로구,0.019,0.016,33.0,26.0,0.005
0.5,200901010800,종로구,0.024,0.012,42.0,18.0,0.005
0.5,200901010900,종로구,0.026,0.01,48.0,17.0,0.006
0.6,200901011000,종로구,0.021,0.016,32.0,13.0,0.006
0.5,200901011100,종로구,0.018,0.02,36.0,16.0,0.007
0.6,200901011200,종로구,0.021,0.019,35.0,19.0,0.007
0.6,200901011300,종로구,0.02,0.021,41.0,11.0,0.007
0.5,200901011400,종로구,0.011,0.029,38.0,18.0,0.007
0.4,200901011500,종로구,0.011,0.03,31.0,19.0,0.006
0.4,200901011600,종로구,0.016,0.027,46.0,22.0,0.006
0.4,200901011700,종로구,0.018,0.025,48.0,21.0,0.006
0.5,200901011800,종로구,0.024,0.021,32.0,19.0,0.006
0.5,200901011900,종로구,0.022,0.022,44.0,16.0,0.006
0.5,200901012000,종로구,0.031,0.013,40.0,14.0,0.006
0.7,200901012100,종로구,0.037,0.008,44.0,23.0,0.006
0.5,200901012200,종로구,0.029,0.013,38.0,17.0,0.006
0.5,200901012300,종로구,0.025,0.015,31.0,13.0,0.005
1.1,200901010000,중구,0.025,0.015,38.0,16.0,0.005
1.1,200901010100,중구,0.021,0.015,47.0,19.0,0.005
1.1,200901010200,중구,0.016,0.019,36.0,16.0,0.004
1.0,200901010300,중구,0.007,0.025,42.0,17.0,0.004
1.0,200901010400,중구,0.005,0.026,34.0,17.0,0.004
1.1,200901010500,중구,0.01,0.021,41.0,15.0,0.004
1.1,200901010600,중구,0.009,0.022,38.0,20.0,0.004
1.1,200901010700,중구,0.017,0.015,42.0,20.0,0.004
1.1,200901010800,중구,0.019,0.015,41.0,16.0,0.004
1.2,200901010900,중구,0.021,0.013,37.0,17.0,0.004
1.2,200901011000,중구,0.017,0.018,36.0,18.0,0.005
1.2,200901011100,중구,0.011,0.022,38.0,17.0,0.005
1.2,200901011200,중구,0.014,0.022,36.0,24.0,0.005
1.2,200901011300,중구,0.009,0.026,36.0,16.0,0.005
1.1,200901011400,중구,0.005,0.031,45.0,26.0,0.004
1.1,200901011500,중구,0.007,0.031,48.0,26.0,0.004
1.1,200901011600,중구,0.008,0.03,38.0,23.0,0.004
1.1,200901011700,중구,0.011,0.029,40.0,18.0,0.004
1.1,200901011800,중구,0.019,0.022,44.0,28.0,0.004
1.1,200901011900,중구,0.024,0.017,42.0,18.0,0.004
1.1,200901012000,중구,0.031,0.011,38.0,26.0,0.004
1.1,200901012100,중구,0.031,0.01,42.0,24.0,0.004
1.2,200901012200,중구,0.041,0.004,47.0,29.0,0.004
1.2,200901012300,중구,0.039,0.004,44.0,22.0,0.004
0.7,200901010000,중랑구,0.03,0.014,38.0,13.0,0.014
0.6,200901010100,중랑구,0.02,0.02,25.0,8.0,0.014
0.6,200901010200,중랑구,0.024,0.017,36.0,26.0,0.008
0.5,200901010300,중랑구,0.02,0.019,30.0,11.0,0.006
0.5,200901010400,중랑구,0.021,0.018,39.0,15.0,0.012
0.5,200901010500,중랑구,0.018,0.02,34.0,19.0,0.011
0.6,200901010600,중랑구,0.022,0.016,35.0,17.0,0.012
0.6,200901010700,중랑구,0.028,0.01,45.0,22.0,0.007
0.7,200901010800,중랑구,0.028,0.01,31.0,23.0,0.008
0.6,200901010900,중랑구,0.025,0.013,43.0,14.0,0.007
0.6,200901011000,중랑구,0.021,0.017,33.0,23.0,0.006
0.6,200901011100,중랑구,0.016,0.022,24.0,10.0,0.009
0.6,200901011200,중랑구,0.014,0.023,27.0,20.0,0.006
0.7,200901011300,중랑구,0.021,0.022,42.0,23.0,0.014
0.8,200901011400,중랑구,0.028,0.018,40.0,15.0,0.01
1.0,200901011500,중랑구,0.027,0.019,37.0,23.0,0.008
0.8,200901011600,중랑구,0.028,0.019,44.0,21.0,0.008
0.8,200901011700,중랑구,0.033,0.014,51.0,18.0,0.012
1.0,200901011800,중랑구,0.045,0.01,56.0,19.0,0.012
0.7,200901011900,중랑구,0.035,0.012,36.0,19.0,0.011
0.9,200901012000,중랑구,0.041,0.008,40.0,10.0,0.008
1.2,200901012100,중랑구,0.054,0.003,39.0,20.0,0.01
1.6,200901012200,중랑구,0.053,0.002,39.0,14.0,0.014
1.8,200901012300,중랑구,0.051,0.002,45.0,21.0,0.008
